entry_id,name_it,name_ja,name_en,item,sub_item,region,certification,status
IT-VEG-GAR-001,Aglio Bianco Piacentino,ピアチェンツァ白ニンニク,Piacenza White Garlic,ニンニク,白ニンニク,Emilia-Romagna,IGP,pending
IT-VEG-GAR-002,Aglio Bianco Polesano,ポレージネ白ニンニク,Polesano White Garlic,ニンニク,白ニンニク,Veneto,DOP,pending
IT-VEG-GAR-003,Aglio di Voghiera,ヴォギエーラのニンニク,Voghiera Garlic,ニンニク,,Emilia-Romagna,DOP,pending
IT-VEG-ASP-001,Asparago Bianco di Bassano,バッサーノの白アスパラガス,White Asparagus of Bassano,アスパラガス,白アスパラガス,Veneto,DOP,pending
IT-VEG-ASP-002,Asparago Bianco di Cimadolmo,チマドルモの白アスパラガス,White Asparagus of Cimadolmo,アスパラガス,白アスパラガス,Veneto,IGP,pending
IT-VEG-ASP-003,Asparago di Badoere,バドエーレのアスパラガス,Asparagus of Badoere,アスパラガス,,Veneto,IGP,pending
IT-VEG-ASP-004,Asparago di Cantello,カンテッロのアスパラガス,Asparagus of Cantello,アスパラガス,,Lombardia,IGP,pending
IT-VEG-ASP-005,Asparago Verde di Altedo,アルテードの緑アスパラガス,Green Asparagus of Altedo,アスパラガス,グリーンアスパラガス,Emilia-Romagna,IGP,pending
IT-VEG-ASP-006,Asparago Verde di Canino,カニーノの緑アスパラガス,Green Asparagus of Canino,アスパラガス,グリーンアスパラガス,Lazio,IGP,pending
IT-VEG-HRB-001,Basilico Genovese,ジェノヴェーゼバジル,Genovese Basil,バジル|ハーブ,,Liguria,DOP,pending
IT-VEG-ROT-001,Brovada,ブロヴァーダ（発酵カブ）,Brovada,カブ,発酵カブ,Friuli Venezia Giulia,DOP,pending
IT-VEG-CAP-001,Cappero delle Isole Eolie,エオリア諸島のケッパー,Caper of the Aeolian Islands,ケッパー,,Sicilia,DOP,pending
IT-VEG-CAP-002,Cappero di Pantelleria,パンテッレリーアのケッパー,Caper of Pantelleria,ケッパー,,Sicilia,IGP,pending
IT-VEG-ART-001,Carciofo Brindisino,ブリンディジのアーティチョーク,Brindisi Artichoke,アーティチョーク,,Puglia,IGP,pending
IT-VEG-ART-002,Carciofo di Paestum,パエストゥムのアーティチョーク,Paestum Artichoke,アーティチョーク,,Campania,IGP,pending
IT-VEG-ART-003,Carciofo Romanesco del Lazio,ラツィオのロマネスコアーティチョーク,Romanesco Artichoke of Lazio,アーティチョーク,ロマネスコ種,Lazio,IGP,pending
IT-VEG-ART-004,Carciofo Spinoso di Sardegna,サルデーニャのトゲアーティチョーク,Thorny Artichoke of Sardinia,アーティチョーク,スピノーゾ種,Sardegna,DOP,pending
IT-VEG-CRT-001,Carota dell'Altopiano del Fucino,フチーノ高原のニンジン,Carrot of the Fucino Plateau,ニンジン,,Abruzzo,IGP,pending
IT-VEG-CRT-002,Carota Novella di Ispica,イスピカの新ニンジン,New Carrot of Ispica,ニンジン,新ニンジン,Sicilia,IGP,pending
IT-VEG-CLF-001,Cavolfiore della Piana del Sele,セーレ平野のカリフラワー,Cauliflower of the Sele Plain,カリフラワー,,Campania,IGP,pending
IT-VEG-ONI-001,Cipolla Bianca di Margherita,マルゲリータの白タマネギ,White Onion of Margherita,タマネギ,白タマネギ,Puglia,IGP,pending
IT-VEG-ONI-002,Cipolla Rossa di Tropea Calabria,トロペア赤タマネギ,Red Onion of Tropea Calabria,タマネギ,赤タマネギ,Calabria,IGP,pending
IT-VEG-ONI-003,Cipollotto Nocerino,ノチェリーノの小タマネギ,Nocerino Spring Onion,タマネギ,小タマネギ,Campania,DOP,pending
IT-VEG-BEN-001,Fagioli Bianchi di Rotonda,ロトンダの白インゲン,White Beans of Rotonda,インゲン豆,白インゲン,Basilicata,DOP,pending
IT-VEG-BEN-002,Fagiolo Cannellino di Atina,アティーナのカンネッリーノ豆,Cannellino Bean of Atina,インゲン豆,カンネッリーノ,Lazio,DOP,pending
IT-VEG-BEN-003,Fagiolo Cuneo,クーネオのインゲン豆,Cuneo Bean,インゲン豆,,Piemonte,IGP,pending
IT-VEG-BEN-004,Fagiolo di Lamon della Vallata Bellunese,ラモンのインゲン豆,Lamon Bean of the Belluno Valley,インゲン豆,,Veneto,IGP,pending
IT-VEG-BEN-005,Fagiolo di Sarconi,サルコーニのインゲン豆,Sarconi Bean,インゲン豆,,Basilicata,IGP,pending
IT-VEG-BEN-006,Fagiolo di Sorana,ソラーナのインゲン豆,Sorana Bean,インゲン豆,,Toscana,IGP,pending
IT-VEG-FEN-001,Finocchio di Isola Capo Rizzuto,イゾラ・カーポ・リッズートのフェンネル,Fennel of Isola Capo Rizzuto,フェンネル,,Calabria,IGP,pending
IT-VEG-MUS-001,Fungo di Borgotaro,ボルゴターロのポルチーニ茸,Borgotaro Porcini Mushroom,キノコ,ポルチーニ,Emilia-Romagna,IGP,pending
IT-VEG-LEF-001,Insalata di Lusia,ルージアのレタス,Lusia Lettuce,レタス,,Veneto,IGP,pending
IT-VEG-OLV-001,La Bella della Daunia,ラ・ベッラ・デッラ・ダウニア（テーブルオリーブ）,La Bella della Daunia Table Olive,オリーブ,テーブルオリーブ,Puglia,DOP,pending
IT-VEG-LNT-001,Lenticchia di Altamura,アルタムーラのレンズ豆,Altamura Lentil,レンズ豆,,Puglia,IGP,pending
IT-VEG-LNT-002,Lenticchia di Castelluccio di Norcia,カステッルッチョ・ディ・ノルチャのレンズ豆,Castelluccio di Norcia Lentil,レンズ豆,,Umbria,IGP,pending
IT-VEG-LNT-003,Lenticchia di Onano,オナーノのレンズ豆,Onano Lentil,レンズ豆,,Lazio,IGP,pending
IT-VEG-EGG-001,Melanzana Rossa di Rotonda,ロトンダの赤ナス,Red Eggplant of Rotonda,ナス,赤ナス,Basilicata,DOP,pending
IT-VEG-OLV-002,Nocellara del Belice,ノチェッラーラ・デル・ベリチェ（テーブルオリーブ）,Nocellara del Belice Table Olive,オリーブ,テーブルオリーブ,Sicilia,DOP,pending
IT-VEG-OLV-003,Oliva Ascolana del Piceno,アスコリ・ピチェーノのオリーブ,Ascolana Olive of Piceno,オリーブ,テーブルオリーブ,Marche,DOP,pending
IT-VEG-OLV-004,Oliva di Gaeta,ガエータのオリーブ,Gaeta Olive,オリーブ,テーブルオリーブ,Lazio,DOP,pending
IT-VEG-OLV-005,Olive Taggiasche Liguri,タッジャスカ・リグーリのオリーブ,Ligurian Taggiasca Olives,オリーブ,テーブルオリーブ,Liguria,IGP,pending
IT-VEG-POT-001,Patata del Fucino,フチーノのジャガイモ,Fucino Potato,ジャガイモ,,Abruzzo,IGP,pending
IT-VEG-POT-002,Patata dell'Alto Viterbese,アルト・ヴィテルベーゼのジャガイモ,Alto Viterbese Potato,ジャガイモ,,Lazio,IGP,pending
IT-VEG-POT-003,Patata della Sila,シラのジャガイモ,Sila Potato,ジャガイモ,,Calabria,IGP,pending
IT-VEG-POT-004,Patata di Bologna,ボローニャのジャガイモ,Bologna Potato,ジャガイモ,,Emilia-Romagna,DOP,pending
IT-VEG-POT-005,Patata Novella di Galatina,ガラティーナの新ジャガイモ,New Potato of Galatina,ジャガイモ,新ジャガイモ,Puglia,DOP,pending
IT-VEG-POT-006,Patata Rossa di Colfiorito,コルフィオリートの赤ジャガイモ,Red Potato of Colfiorito,ジャガイモ,赤ジャガイモ,Umbria,IGP,pending
IT-VEG-PEP-001,Peperone di Pontecorvo,ポンテコルヴォのピーマン,Pontecorvo Pepper,ピーマン|ペッパー,,Lazio,DOP,pending
IT-VEG-PEP-002,Peperone di Senise,セニーゼのピーマン,Senise Pepper,ピーマン|ペッパー,,Basilicata,IGP,pending
IT-VEG-TOM-001,Pomodorino del Piennolo del Vesuvio,ヴェスヴィオのピエンノロミニトマト,Piennolo Cherry Tomato of Vesuvius,トマト,ミニトマト,Campania,DOP,pending
IT-VEG-TOM-002,Pomodoro di Pachino,パキーノのトマト,Pachino Tomato,トマト,,Sicilia,IGP,pending
IT-VEG-TOM-003,Pomodoro San Marzano dell'Agro Sarnese-Nocerino,サンマルツァーノトマト,San Marzano Tomato,トマト,加工用トマト,Campania,DOP,pending
IT-VEG-TOM-004,Costoluto Fiorentino,コストルート・フィオレンティーノ,Costoluto Fiorentino Tomato,トマト,リブ付きトマト,Toscana,PAT,pending
IT-VEG-TOM-005,Pomodoro Siccagno,シッカーニョトマト,Siccagno Tomato,トマト,乾燥栽培トマト,Sicilia,PAT,pending
IT-VEG-TOM-006,Pomodoro Regina di Torre Canne,レジーナ・ディ・トッレ・カンネ,Regina di Torre Canne Tomato,トマト,保存用トマト,Puglia,Presidio,pending
IT-VEG-TOM-007,Pomodoro Riccio di Parma,リッチョ・ディ・パルマ,Riccio di Parma Tomato,トマト,加工用トマト,Emilia-Romagna,PAT,pending
IT-VEG-TOM-008,Pomodoro Camone,カモーネトマト,Camone Tomato,トマト,,Sardegna,PAT,pending
IT-VEG-TOM-009,Pomodoro di Belmonte,ベルモンテトマト,Belmonte Tomato,トマト,大玉トマト,Calabria,PAT,pending
IT-VEG-CHI-001,Radicchio di Chioggia,キオッジャのラディッキオ,Chioggia Radicchio,チコリー|ラディッキオ,,Veneto,IGP,pending
IT-VEG-CHI-002,Radicchio di Verona,ヴェローナのラディッキオ,Verona Radicchio,チコリー|ラディッキオ,,Veneto,IGP,pending
IT-VEG-CHI-003,Radicchio Rosso di Treviso,トレヴィーゾの赤ラディッキオ,Red Radicchio of Treviso,チコリー|ラディッキオ,赤ラディッキオ,Veneto,IGP,pending
IT-VEG-CHI-004,Radicchio Variegato di Castelfranco,カステルフランコの斑入りラディッキオ,Variegated Radicchio of Castelfranco,チコリー|ラディッキオ,斑入りラディッキオ,Veneto,IGP,pending
IT-VEG-LEF-002,Rucola della Piana del Sele,セーレ平野のルッコラ,Arugula of the Sele Plain,ルッコラ|ハーブ,,Campania,IGP,pending
IT-VEG-ONI-004,Scalogno di Romagna,ロマーニャのエシャロット,Romagna Shallot,タマネギ|エシャロット,,Emilia-Romagna,IGP,pending
IT-VEG-CEL-001,Sedano Bianco di Sperlonga,スペルロンガの白セロリ,White Celery of Sperlonga,セロリ,白セロリ,Lazio,IGP,pending
IT-VEG-KAL-001,Cavolo Nero di Toscana,トスカーナのカーボロネロ,Tuscan Black Kale (Lacinato),ケール・カーボロネロ,カーボロネロ,Toscana,PAT,pending
IT-VEG-KAL-002,Cavolo Riccio (Cole Rizze),プーリアのカーボロ・リッチョ,Curly Kale (Cole Rizze),ケール・カーボロネロ,カーボロ・リッチョ,Puglia,PAT,pending
IT-VEG-ART-005,Carciofo Violetto di Sant'Erasmo,サンテラズモの紫アーティチョーク,Violet Artichoke of Sant'Erasmo,アーティチョーク,ヴィオレット種,Veneto,Presidio,pending
IT-VEG-BRC-001,Broccolo Fiolaro di Creazzo,クレアッツォのフィオラーロ・ブロッコリー,Fiolaro Broccoli of Creazzo,ブロッコリー,フィオラーロ,Veneto,De.Co./PAT,pending
IT-VEG-BRC-002,Broccolo di Torbole,トルボレのブロッコリー,Broccoli of Torbole,ブロッコリー,,Trentino-Alto Adige,Presidio,pending
IT-VEG-BRC-003,Broccolo Romanesco,ブロッコロ・ロマネスコ,Romanesco Broccoli,ブロッコリー|カリフラワー,ロマネスコ,Lazio,PAT,pending
IT-VEG-BRC-004,Broccolo Aprilatico di Paternopoli,パテルノーポリのアプリラーティコ・ブロッコリー,Aprilatico Broccoli of Paternopoli,ブロッコリー,,Campania,Presidio,pending
IT-VEG-BRC-005,Broccolo di Rapa di Bisignano,ビジニャーノのブロッコリー・ディ・ラーパ,Broccoli Rabe of Bisignano,ブロッコリー,,Calabria,PAT,pending
IT-VEG-ZUC-001,Cocozella di Napoli,ココツェッラ・ディ・ナポリ,Cocozella di Napoli,ズッキーニ,ナポリ系,Campania,PAT,pending
IT-VEG-ZUC-002,Zucchino Romanesco,ズッキーノ・ロマネスコ,Romanesco Zucchini,ズッキーニ,ロマネスコ,Lazio,PAT,pending
IT-VEG-ZUC-003,Zucchino Fiorentino,ズッキーノ・フィオレンティーノ,Florentine Zucchini,ズッキーニ,,Toscana,PAT,pending
IT-VEG-ZUC-004,Trombetta di Albenga,アルベンガのトロンベッタ,Trombetta of Albenga,ズッキーニ,トロンベッタ,Liguria,De.Co./PAT,pending
IT-VEG-ZUC-005,Nero di Milano,ネロ・ディ・ミラノ,Black of Milan Zucchini,ズッキーニ,ミラノ系,Lombardia,Traditional,pending
IT-VEG-ZUC-006,Zucchina di Misilmeri,ミシルメリのズッキーナ,Zucchini of Misilmeri,ズッキーニ,,Sicilia,Traditional,pending
IT-VEG-ZUC-007,Tonda di Piacenza,トンダ・ディ・ピアチェンツァ,Round of Piacenza Zucchini,ズッキーニ,丸型,Emilia-Romagna,Traditional,pending
IT-VEG-CAB-001,Cavolo Verza di Montalto Dora,モンタルト・ドーラのヴェルザ,Savoy Cabbage of Montalto Dora,結球キャベツ,ヴェルザ,Piemonte,PAT,pending
IT-VEG-CAB-002,Cavolo dell'Adige,アディジェのキャベツ,Cabbage of the Adige,結球キャベツ,,Veneto,PAT,pending
IT-VEG-CAB-003,Cavolo Cappuccio di Vinigo di Cadore,ヴィニーゴのカップッチョ,Cabbage of Vinigo di Cadore,結球キャベツ,カップッチョ,Veneto,PAT,pending
IT-VEG-CAB-004,Cavolo Cappuccio di Collina,コッリーナのカップッチョ,Cabbage of Collina,結球キャベツ,カップッチョ,Friuli Venezia Giulia,PAT,pending
IT-VEG-KOR-001,Cavolo Trunzo di Aci,アチのトロンゾキャベツ,Trunzo Kohlrabi of Aci,コールラビ,トロンゾ,Sicilia,Presidio,pending
IT-VEG-KOR-002,Chepe de Murte,ケープ・デ・ムルテ,Chepe de Murte Kohlrabi,コールラビ,,Puglia,PAT,pending
IT-VEG-KOR-003,Grucciolo di Putignano,グルッチョロ・ディ・プティニャーノ,Grucciolo of Putignano,コールラビ,,Puglia,Traditional,pending
IT-VEG-CIM-001,Cima di rapa di Minervino Murge,ミネルヴィーノ・ムルジェのチーメ・ディ・ラーパ,Turnip Greens of Minervino Murge,チーメ・ディ・ラーパ,,Puglia,PAT,pending
IT-VEG-CIM-002,Friarielli,フリアリエッリ,Friarielli (Neapolitan Turnip Greens),チーメ・ディ・ラーパ|フリアリエッリ,,Campania,PAT,pending
IT-VEG-CIM-003,Broccoletto di Anguillara,アングイッラーラのブロッコレッティ,Broccoletti of Anguillara,チーメ・ディ・ラーパ|ブロッコレッティ,,Lazio,PAT,pending
IT-VEG-ROT-002,Rapa di Caprauna,カプラウナのカブ,Turnip of Caprauna,カブ,,Piemonte,Presidio,pending
IT-VEG-ROT-003,Rapa di Milano colletto viola,ミラノの紫首カブ,Milan Purple Collar Turnip,カブ,,Lombardia,Traditional,pending
IT-VEG-ROT-004,Rapa catalogna di Roccasecca,ロッカセッカのカタローニャカブ,Roccasecca Catalogna Turnip,カブ,,Lazio,PAT,pending
